/* Database name `mogoroomdb`， 品牌上线CMS数据初始化*/

use mogoroomdb;

/* coms_context */
insert into `coms_context` (`id`, `context`, `status`, `createBy`, `createTime`, `updateBy`, `updateTime`, `onlineTime`, `offlineTime`, `coverImgUrl`, `coverImg`, `seq`, `type`, `pageview`, `pid`, `jumpCode`, `jumpValue`, `contentType`) values('1122',NULL,'1','2002146','2016-06-22 13:51:41','2002146','2016-06-22 13:51:41',NULL,NULL,NULL,'mogoroom/2016-06/cms/8/2/30038/30038_1466574700643.jpg','2','0','0',NULL,'3','15',NULL);
insert into `coms_context` (`id`, `context`, `status`, `createBy`, `createTime`, `updateBy`, `updateTime`, `onlineTime`, `offlineTime`, `coverImgUrl`, `coverImg`, `seq`, `type`, `pageview`, `pid`, `jumpCode`, `jumpValue`, `contentType`) values('1124',NULL,'1','2000887','2016-06-23 18:40:08','2000887','2016-06-24 13:14:51',NULL,NULL,'activity/1333','mogoroom/2016-06/cms/5/1/30055/30055_1466678407827.jpg','0','0','0',NULL,NULL,NULL,NULL);
insert into `coms_context` (`id`, `context`, `status`, `createBy`, `createTime`, `updateBy`, `updateTime`, `onlineTime`, `offlineTime`, `coverImgUrl`, `coverImg`, `seq`, `type`, `pageview`, `pid`, `jumpCode`, `jumpValue`, `contentType`) values('1126',NULL,'1','2000887','2016-06-23 18:42:50','2000887','2016-06-24 13:15:02',NULL,NULL,'activity/746','mogoroom/2016-06/cms/7/0/30057/30057_1466678570164.jpg','0','0','0',NULL,NULL,NULL,NULL);
insert into `coms_context` (`id`, `context`, `status`, `createBy`, `createTime`, `updateBy`, `updateTime`, `onlineTime`, `offlineTime`, `coverImgUrl`, `coverImg`, `seq`, `type`, `pageview`, `pid`, `jumpCode`, `jumpValue`, `contentType`) values('1127',NULL,'1','2000887','2016-06-23 20:01:52','2000887','2016-06-23 20:16:05',NULL,NULL,NULL,'mogoroom/2016-06/cms/8/1/30058/30058_1466683311606.jpg','4','0','0',NULL,'1','1333',NULL);
insert into `coms_context` (`id`, `context`, `status`, `createBy`, `createTime`, `updateBy`, `updateTime`, `onlineTime`, `offlineTime`, `coverImgUrl`, `coverImg`, `seq`, `type`, `pageview`, `pid`, `jumpCode`, `jumpValue`, `contentType`) values('1128',NULL,'1','2000887','2016-06-23 20:03:05','2000887','2016-06-23 20:15:58',NULL,NULL,NULL,'mogoroom/2016-06/cms/9/2/30059/30059_1466683384496.jpg','3','0','0',NULL,'1','1316',NULL);
insert into `coms_context` (`id`, `context`, `status`, `createBy`, `createTime`, `updateBy`, `updateTime`, `onlineTime`, `offlineTime`, `coverImgUrl`, `coverImg`, `seq`, `type`, `pageview`, `pid`, `jumpCode`, `jumpValue`, `contentType`) values('1129',NULL,'1','2000887','2016-06-23 20:03:56','2000887','2016-06-23 20:21:29',NULL,NULL,NULL,'mogoroom/2016-06/cms/0/0/30060/30060_1466683436308.jpg','7','0','0',NULL,'1','1339',NULL);
insert into `coms_context` (`id`, `context`, `status`, `createBy`, `createTime`, `updateBy`, `updateTime`, `onlineTime`, `offlineTime`, `coverImgUrl`, `coverImg`, `seq`, `type`, `pageview`, `pid`, `jumpCode`, `jumpValue`, `contentType`) values('1130',NULL,'1','2000887','2016-06-23 20:05:27','2000887','2016-06-23 20:21:45',NULL,NULL,NULL,'mogoroom/2016-06/cms/1/1/30061/30061_1466683526963.jpg','6','0','0',NULL,'1','1110',NULL);
insert into `coms_context` (`id`, `context`, `status`, `createBy`, `createTime`, `updateBy`, `updateTime`, `onlineTime`, `offlineTime`, `coverImgUrl`, `coverImg`, `seq`, `type`, `pageview`, `pid`, `jumpCode`, `jumpValue`, `contentType`) values('1131',NULL,'1','2000887','2016-06-23 20:06:07','2000887','2016-06-23 20:20:34',NULL,NULL,NULL,'mogoroom/2016-06/cms/2/2/30062/30062_1466683567459.jpg','5','0','0',NULL,'1','746',NULL);
insert into `coms_context` (`id`, `context`, `status`, `createBy`, `createTime`, `updateBy`, `updateTime`, `onlineTime`, `offlineTime`, `coverImgUrl`, `coverImg`, `seq`, `type`, `pageview`, `pid`, `jumpCode`, `jumpValue`, `contentType`) values('1132',NULL,'1','2000887','2016-06-23 20:12:27','2000887','2016-06-23 20:12:27',NULL,NULL,NULL,'mogoroom/2016-06/cms/3/0/30063/30063_1466683947330.jpg','0','0','0',NULL,'1','1333',NULL);
insert into `coms_context` (`id`, `context`, `status`, `createBy`, `createTime`, `updateBy`, `updateTime`, `onlineTime`, `offlineTime`, `coverImgUrl`, `coverImg`, `seq`, `type`, `pageview`, `pid`, `jumpCode`, `jumpValue`, `contentType`) values('1133',NULL,'1','2000887','2016-06-23 20:13:15','2000887','2016-06-23 20:13:15',NULL,NULL,NULL,'mogoroom/2016-06/cms/4/1/30064/30064_1466683995323.jpg','0','0','0',NULL,'1','1339',NULL);
insert into `coms_context` (`id`, `context`, `status`, `createBy`, `createTime`, `updateBy`, `updateTime`, `onlineTime`, `offlineTime`, `coverImgUrl`, `coverImg`, `seq`, `type`, `pageview`, `pid`, `jumpCode`, `jumpValue`, `contentType`) values('1134',NULL,'1','2000887','2016-06-23 20:14:04','2000887','2016-06-23 20:14:04',NULL,NULL,NULL,'mogoroom/2016-06/cms/5/2/30065/30065_1466684044188.jpg','0','0','0',NULL,'1','746',NULL);
insert into `coms_context` (`id`, `context`, `status`, `createBy`, `createTime`, `updateBy`, `updateTime`, `onlineTime`, `offlineTime`, `coverImgUrl`, `coverImg`, `seq`, `type`, `pageview`, `pid`, `jumpCode`, `jumpValue`, `contentType`) values('1135',NULL,'1','2000887','2016-06-24 13:14:14','2000887','2016-06-24 13:14:14',NULL,NULL,'activity/1339','mogoroom/2016-06/cms/7/1/30067/30067_1466745253125.jpg','0','0','0',NULL,NULL,NULL,NULL);

/* coms_contextcityrel */
insert into `coms_contextcityrel` (`id`, `contextId`, `cityId`, `menuId`, `seq`, `img`, `headInfo`) values('5343','214','289','27',NULL,NULL,NULL);
insert into `coms_contextcityrel` (`id`, `contextId`, `cityId`, `menuId`, `seq`, `img`, `headInfo`) values('5346','418','131','27',NULL,NULL,NULL);
insert into `coms_contextcityrel` (`id`, `contextId`, `cityId`, `menuId`, `seq`, `img`, `headInfo`) values('5347','419','340','27',NULL,NULL,NULL);
insert into `coms_contextcityrel` (`id`, `contextId`, `cityId`, `menuId`, `seq`, `img`, `headInfo`) values('5360','1122','289','44','1',NULL,NULL);
insert into `coms_contextcityrel` (`id`, `contextId`, `cityId`, `menuId`, `seq`, `img`, `headInfo`) values('5373','1132','289','44','1',NULL,NULL);
insert into `coms_contextcityrel` (`id`, `contextId`, `cityId`, `menuId`, `seq`, `img`, `headInfo`) values('5374','1133','131','44','1',NULL,NULL);
insert into `coms_contextcityrel` (`id`, `contextId`, `cityId`, `menuId`, `seq`, `img`, `headInfo`) values('5375','1134','340','44','1',NULL,NULL);
insert into `coms_contextcityrel` (`id`, `contextId`, `cityId`, `menuId`, `seq`, `img`, `headInfo`) values('5379','1128','289','15',NULL,NULL,NULL);
insert into `coms_contextcityrel` (`id`, `contextId`, `cityId`, `menuId`, `seq`, `img`, `headInfo`) values('5380','1127','289','15',NULL,NULL,NULL);
insert into `coms_contextcityrel` (`id`, `contextId`, `cityId`, `menuId`, `seq`, `img`, `headInfo`) values('5381','1131','340','15',NULL,NULL,NULL);
insert into `coms_contextcityrel` (`id`, `contextId`, `cityId`, `menuId`, `seq`, `img`, `headInfo`) values('5383','1129','131','15',NULL,NULL,NULL);
insert into `coms_contextcityrel` (`id`, `contextId`, `cityId`, `menuId`, `seq`, `img`, `headInfo`) values('5384','1130','131','15',NULL,NULL,NULL);
insert into `coms_contextcityrel` (`id`, `contextId`, `cityId`, `menuId`, `seq`, `img`, `headInfo`) values('5385','1135','131','43','1',NULL,NULL);
insert into `coms_contextcityrel` (`id`, `contextId`, `cityId`, `menuId`, `seq`, `img`, `headInfo`) values('5386','1124','289','43',NULL,NULL,NULL);
insert into `coms_contextcityrel` (`id`, `contextId`, `cityId`, `menuId`, `seq`, `img`, `headInfo`) values('5387','1126','340','43',NULL,NULL,NULL);

/* coms_contexttitlerel */
insert into `coms_contexttitlerel` (`id`, `contextId`, `titleNum`, `titleName`, `titleValue`) values('16540','214','112','描述','狂欢吧！和基友再撸完最后一盘，</br>\r\n速去告白，万一人家答（xia）应(yan)了呢？</br>\r\n租房不担心，各种优惠滚滚来，前路大胆往前走！');
insert into `coms_contexttitlerel` (`id`, `contextId`, `titleNum`, `titleName`, `titleValue`) values('16541','214','111','标题','毕业季，我想对你说');
insert into `coms_contexttitlerel` (`id`, `contextId`, `titleNum`, `titleName`, `titleValue`) values('16546','418','112','描述','狂欢吧！和基友再撸完最后一盘，</br>\r\n速去告白，万一人家答（xia）应(yan)了呢？</br>\r\n租房不担心，各种优惠滚滚来，前路大胆往前走！');
insert into `coms_contexttitlerel` (`id`, `contextId`, `titleNum`, `titleName`, `titleValue`) values('16547','418','111','标题','毕业季，我想对你说');
insert into `coms_contexttitlerel` (`id`, `contextId`, `titleNum`, `titleName`, `titleValue`) values('16548','419','112','描述','狂欢吧！和基友再撸完最后一盘，</br>\r\n速去告白，万一人家答（xia）应(yan)了呢？</br>\r\n租房不担心，各种优惠滚滚来，前路大胆往前走！');
insert into `coms_contexttitlerel` (`id`, `contextId`, `titleNum`, `titleName`, `titleValue`) values('16549','419','111','标题','毕业季，我想对你说');
insert into `coms_contexttitlerel` (`id`, `contextId`, `titleNum`, `titleName`, `titleValue`) values('16562','1122','111','标题','微舍公寓');
insert into `coms_contexttitlerel` (`id`, `contextId`, `titleNum`, `titleName`, `titleValue`) values('16575','1132','111','标题','租房省钱大计');
insert into `coms_contexttitlerel` (`id`, `contextId`, `titleNum`, `titleName`, `titleValue`) values('16576','1133','111','标题','租房省钱大计');
insert into `coms_contexttitlerel` (`id`, `contextId`, `titleNum`, `titleName`, `titleValue`) values('16577','1134','111','标题','加油 毕业生');
insert into `coms_contexttitlerel` (`id`, `contextId`, `titleNum`, `titleName`, `titleValue`) values('16581','1128','111','标题','张江租房');
insert into `coms_contexttitlerel` (`id`, `contextId`, `titleNum`, `titleName`, `titleValue`) values('16582','1127','111','标题','毕业租房省钱大计');
insert into `coms_contexttitlerel` (`id`, `contextId`, `titleNum`, `titleName`, `titleValue`) values('16583','1131','111','标题','加油，毕业生');
insert into `coms_contexttitlerel` (`id`, `contextId`, `titleNum`, `titleName`, `titleValue`) values('16585','1129','111','标题','租房省钱大计');
insert into `coms_contexttitlerel` (`id`, `contextId`, `titleNum`, `titleName`, `titleValue`) values('16586','1130','111','标题','3个品牌专区');
insert into `coms_contexttitlerel` (`id`, `contextId`, `titleNum`, `titleName`, `titleValue`) values('16587','1135','111','标题','北京租房大计');
insert into `coms_contexttitlerel` (`id`, `contextId`, `titleNum`, `titleName`, `titleValue`) values('16588','1124','111','标题','租房省钱大计');
insert into `coms_contexttitlerel` (`id`, `contextId`, `titleNum`, `titleName`, `titleValue`) values('16589','1126','111','标题','加油 毕业生');

/* coms_hotbrand */
insert into `coms_hotbrand` (`id`, `brandtabid`, `brandid`, `branddesc`, `status`, `roomids`, `createBy`, `createByType`, `createTime`, `updateBy`, `updateByType`, `updateTime`, `remark`, `sort`) values('1','25','15','包租婆公寓','0',NULL,'2002369','5','2016-06-21 17:09:50',NULL,NULL,'2016-06-21 17:09:50','CMS新加推荐品牌','1');
insert into `coms_hotbrand` (`id`, `brandtabid`, `brandid`, `branddesc`, `status`, `roomids`, `createBy`, `createByType`, `createTime`, `updateBy`, `updateByType`, `updateTime`, `remark`, `sort`) values('2','26','15','￥1980起/张江川沙/精致装修','1','259944,261621,257310,257051','2002146','5','2016-06-21 18:04:09','2002369','5','2016-06-21 18:04:09','CMS新加推荐品牌','1');
insert into `coms_hotbrand` (`id`, `brandtabid`, `brandid`, `branddesc`, `status`, `roomids`, `createBy`, `createByType`, `createTime`, `updateBy`, `updateByType`, `updateTime`, `remark`, `sort`) values('3','26','12','￥1900起/上海大学/锦秋花园小区','1','238813,238818,200453,176721,176719,228420,149523,182751','2002146','5','2016-06-21 18:07:50',NULL,NULL,'2016-06-21 18:07:50','CMS新加推荐品牌','2');
insert into `coms_hotbrand` (`id`, `brandtabid`, `brandid`, `branddesc`, `status`, `roomids`, `createBy`, `createByType`, `createTime`, `updateBy`, `updateByType`, `updateTime`, `remark`, `sort`) values('4','26','2','￥2280起/上海大学/7号线489米','1','206972,212075,212065,212060,267946,212142','2002146','5','2016-06-21 18:08:18',NULL,NULL,'2016-06-21 18:08:18','CMS新加推荐品牌','3');
insert into `coms_hotbrand` (`id`, `brandtabid`, `brandid`, `branddesc`, `status`, `roomids`, `createBy`, `createByType`, `createTime`, `updateBy`, `updateByType`, `updateTime`, `remark`, `sort`) values('5','26','16','￥1600起/松江九亭/9号线九亭','1','195889,195890,264346,175830,175819','2002146','5','2016-06-21 18:08:38',NULL,NULL,'2016-06-21 18:08:38','CMS新加推荐品牌','4');
insert into `coms_hotbrand` (`id`, `brandtabid`, `brandid`, `branddesc`, `status`, `roomids`, `createBy`, `createByType`, `createTime`, `updateBy`, `updateByType`, `updateTime`, `remark`, `sort`) values('6','26','14','￥1300起/宝山区/7号线顾村公园','1','232567,237233,221358,232568,237248,237237,237251,237238','2002146','5','2016-06-21 18:09:00',NULL,NULL,'2016-06-21 18:09:00','CMS新加推荐品牌','5');
insert into `coms_hotbrand` (`id`, `brandtabid`, `brandid`, `branddesc`, `status`, `roomids`, `createBy`, `createByType`, `createTime`, `updateBy`, `updateByType`, `updateTime`, `remark`, `sort`) values('7','27','15','￥1980起/张江川沙/精致装修','1','259944,261621,257310,257051','2002146','5','2016-06-21 18:33:18',NULL,NULL,'2016-06-21 18:33:18','CMS新加推荐品牌','1');
insert into `coms_hotbrand` (`id`, `brandtabid`, `brandid`, `branddesc`, `status`, `roomids`, `createBy`, `createByType`, `createTime`, `updateBy`, `updateByType`, `updateTime`, `remark`, `sort`) values('8','27','12','￥1900起/上海大学/锦秋花园小区','1','238813,238818,200453,176721,176719,228420,149523,182751','2002146','5','2016-06-21 18:33:39',NULL,NULL,'2016-06-21 18:33:39','CMS新加推荐品牌','2');
insert into `coms_hotbrand` (`id`, `brandtabid`, `brandid`, `branddesc`, `status`, `roomids`, `createBy`, `createByType`, `createTime`, `updateBy`, `updateByType`, `updateTime`, `remark`, `sort`) values('9','27','2','￥2280起/上海大学/7号线489米','1','206972,212075,212065,212060,267946,212142','2002146','5','2016-06-21 18:34:05',NULL,NULL,'2016-06-21 18:34:05','CMS新加推荐品牌','3');
insert into `coms_hotbrand` (`id`, `brandtabid`, `brandid`, `branddesc`, `status`, `roomids`, `createBy`, `createByType`, `createTime`, `updateBy`, `updateByType`, `updateTime`, `remark`, `sort`) values('10','27','16','￥1600起/松江九亭/9号线九亭','1','195889,195890,264346,175830,175819','2002146','5','2016-06-21 18:34:28',NULL,NULL,'2016-06-21 18:34:28','CMS新加推荐品牌','4');
insert into `coms_hotbrand` (`id`, `brandtabid`, `brandid`, `branddesc`, `status`, `roomids`, `createBy`, `createByType`, `createTime`, `updateBy`, `updateByType`, `updateTime`, `remark`, `sort`) values('11','28','21','￥4500起 / 科技园旁整租 / 南山区地铁房','1','225482,224725,228712,238096,225432,225480','2002369','5','2016-06-21 20:12:38','2002369','5','2016-06-21 20:12:38','CMS新加推荐品牌','1');
insert into `coms_hotbrand` (`id`, `brandtabid`, `brandid`, `branddesc`, `status`, `roomids`, `createBy`, `createByType`, `createTime`, `updateBy`, `updateByType`, `updateTime`, `remark`, `sort`) values('12','28','23','￥1780起 / 地铁旁整租 / 宝安区','1','250007,249965,249827,249512,249959','2002369','5','2016-06-21 20:13:10','2002369','5','2016-06-21 20:13:10','CMS新加推荐品牌','2');
insert into `coms_hotbrand` (`id`, `brandtabid`, `brandid`, `branddesc`, `status`, `roomids`, `createBy`, `createByType`, `createTime`, `updateBy`, `updateByType`, `updateTime`, `remark`, `sort`) values('13','28','25','￥1100起 / 合租好房源 / 福田区','1','268074,268104,268114,268082,268103','2002369','5','2016-06-21 20:13:47','2002369','5','2016-06-21 20:13:47','CMS新加推荐品牌','3');
insert into `coms_hotbrand` (`id`, `brandtabid`, `brandid`, `branddesc`, `status`, `roomids`, `createBy`, `createByType`, `createTime`, `updateBy`, `updateByType`, `updateTime`, `remark`, `sort`) values('14','28','24','￥650起 / 大空间单房 / 龙岗区、宝安区','1','162913,162906,188925,168809,162859','2002369','5','2016-06-21 20:14:15','2002369','5','2016-06-21 20:14:15','CMS新加推荐品牌','4');
insert into `coms_hotbrand` (`id`, `brandtabid`, `brandid`, `branddesc`, `status`, `roomids`, `createBy`, `createByType`, `createTime`, `updateBy`, `updateByType`, `updateTime`, `remark`, `sort`) values('15','28','22','￥1250起 / 主题合租房 / 福田区','1','270198,251434,241309,270109,216009','2002369','5','2016-06-21 20:14:52','2002369','5','2016-06-21 20:14:52','CMS新加推荐品牌','5');
insert into `coms_hotbrand` (`id`, `brandtabid`, `brandid`, `branddesc`, `status`, `roomids`, `createBy`, `createByType`, `createTime`, `updateBy`, `updateByType`, `updateTime`, `remark`, `sort`) values('16','28','20','￥4200起 / 整租地铁房 / 南山区','1','261844,257316,256736,257840,261828,254321','2002369','5','2016-06-21 20:15:27','2002369','5','2016-06-21 20:15:27','CMS新加推荐品牌','6');
insert into `coms_hotbrand` (`id`, `brandtabid`, `brandid`, `branddesc`, `status`, `roomids`, `createBy`, `createByType`, `createTime`, `updateBy`, `updateByType`, `updateTime`, `remark`, `sort`) values('17','28','18','￥1500起 / 白领合租房 / 酒店式管理','1','205629,205563,206059,205578,205738','2002369','5','2016-06-21 20:15:51','2002369','5','2016-06-21 20:15:51','CMS新加推荐品牌','7');
insert into `coms_hotbrand` (`id`, `brandtabid`, `brandid`, `branddesc`, `status`, `roomids`, `createBy`, `createByType`, `createTime`, `updateBy`, `updateByType`, `updateTime`, `remark`, `sort`) values('18','28','28','￥4200起 / 温馨整租房 / 南山区','1','269400,269413','2002369','5','2016-06-21 20:16:17','2002369','5','2016-06-21 20:16:17','CMS新加推荐品牌','8');
insert into `coms_hotbrand` (`id`, `brandtabid`, `brandid`, `branddesc`, `status`, `roomids`, `createBy`, `createByType`, `createTime`, `updateBy`, `updateByType`, `updateTime`, `remark`, `sort`) values('19','28','27','￥1980起 / 近地铁整租 / 龙华新区','1',NULL,'2002369','5','2016-06-21 20:17:02','2002369','5','2016-06-21 20:17:02','CMS新加推荐品牌','9');
insert into `coms_hotbrand` (`id`, `brandtabid`, `brandid`, `branddesc`, `status`, `roomids`, `createBy`, `createByType`, `createTime`, `updateBy`, `updateByType`, `updateTime`, `remark`, `sort`) values('20','28','26','￥1680起 / 酒店式公寓 / 龙华新区','1','265972,265930,265439,266125','2002369','5','2016-06-21 20:17:31','2002369','5','2016-06-21 20:17:31','CMS新加推荐品牌','10');
insert into `coms_hotbrand` (`id`, `brandtabid`, `brandid`, `branddesc`, `status`, `roomids`, `createBy`, `createByType`, `createTime`, `updateBy`, `updateByType`, `updateTime`, `remark`, `sort`) values('21','29','23','￥1780起 / 地铁旁整租 / 宝安区','1','250007,249965,249827,249512,249959','2002369','5','2016-06-21 20:23:19','2002369','5','2016-06-21 20:23:19','CMS新加推荐品牌','4');
insert into `coms_hotbrand` (`id`, `brandtabid`, `brandid`, `branddesc`, `status`, `roomids`, `createBy`, `createByType`, `createTime`, `updateBy`, `updateByType`, `updateTime`, `remark`, `sort`) values('22','29','25','￥1100起 / 合租好房源 / 福田区','1','268074,268104,268114,268082,268103','2002369','5','2016-06-21 20:24:13','2002369','5','2016-06-21 20:24:13','CMS新加推荐品牌','2');
insert into `coms_hotbrand` (`id`, `brandtabid`, `brandid`, `branddesc`, `status`, `roomids`, `createBy`, `createByType`, `createTime`, `updateBy`, `updateByType`, `updateTime`, `remark`, `sort`) values('23','29','22','￥1250起 / 主题合租房 / 福田区','1','270198,251434,241309,270109,216009','2002369','5','2016-06-21 20:25:17','2002369','5','2016-06-21 20:25:17','CMS新加推荐品牌','3');
insert into `coms_hotbrand` (`id`, `brandtabid`, `brandid`, `branddesc`, `status`, `roomids`, `createBy`, `createByType`, `createTime`, `updateBy`, `updateByType`, `updateTime`, `remark`, `sort`) values('24','29','18','￥1500起 / 白领合租房 / 酒店式管理','1','205629,205563,206059,205578,205738','2002369','5','2016-06-21 20:25:58','2002369','5','2016-06-21 20:25:58','CMS新加推荐品牌','1');
insert into `coms_hotbrand` (`id`, `brandtabid`, `brandid`, `branddesc`, `status`, `roomids`, `createBy`, `createByType`, `createTime`, `updateBy`, `updateByType`, `updateTime`, `remark`, `sort`) values('25','31','25','￥1100起/合租好房源/福田区','1',NULL,'2002369','5','2016-06-21 20:45:41','2002369','5','2016-06-21 20:45:41','CMS新加推荐品牌','3');
insert into `coms_hotbrand` (`id`, `brandtabid`, `brandid`, `branddesc`, `status`, `roomids`, `createBy`, `createByType`, `createTime`, `updateBy`, `updateByType`, `updateTime`, `remark`, `sort`) values('26','30','22','地铁旁温馨主题合租房\r\n家电家具配套全 拎包入住','1','270198,251434,241309,270109,216009','2002369','5','2016-06-21 20:46:07','2002369','5','2016-06-21 20:46:07','CMS新加推荐品牌','4');
insert into `coms_hotbrand` (`id`, `brandtabid`, `brandid`, `branddesc`, `status`, `roomids`, `createBy`, `createByType`, `createTime`, `updateBy`, `updateByType`, `updateTime`, `remark`, `sort`) values('27','30','23','罗宝线固戍站 交通便利\r\n户型多样 满足不同需求','1','250007,249965,249827,249512,249959','2002369','5','2016-06-21 20:46:34','2002369','5','2016-06-21 20:46:34','CMS新加推荐品牌','2');
insert into `coms_hotbrand` (`id`, `brandtabid`, `brandid`, `branddesc`, `status`, `roomids`, `createBy`, `createByType`, `createTime`, `updateBy`, `updateByType`, `updateTime`, `remark`, `sort`) values('28','32','25','￥1100起/合租好房源/福田区','1','256999,256999,269248,257341,258604,256747','2002369','5','2016-06-21 20:47:10','2002369','5','2016-06-21 20:47:10','CMS新加推荐品牌','1');
insert into `coms_hotbrand` (`id`, `brandtabid`, `brandid`, `branddesc`, `status`, `roomids`, `createBy`, `createByType`, `createTime`, `updateBy`, `updateByType`, `updateTime`, `remark`, `sort`) values('29','30','20','罗宝线高新园 出行无压力\r\n24万O购物广场 近在咫尺','1','261844,257316,256736,257840,261828,254321','2002369','5','2016-06-21 20:47:38','2002369','5','2016-06-21 20:47:38','CMS新加推荐品牌','1');
insert into `coms_hotbrand` (`id`, `brandtabid`, `brandid`, `branddesc`, `status`, `roomids`, `createBy`, `createByType`, `createTime`, `updateBy`, `updateByType`, `updateTime`, `remark`, `sort`) values('30','32','28','￥4200起/温馨整租房/南山区','1','269400,269413','2002369','5','2016-06-21 20:48:10',NULL,NULL,'2016-06-21 20:48:10','CMS新加推荐品牌','3');
insert into `coms_hotbrand` (`id`, `brandtabid`, `brandid`, `branddesc`, `status`, `roomids`, `createBy`, `createByType`, `createTime`, `updateBy`, `updateByType`, `updateTime`, `remark`, `sort`) values('31','31','21','￥4500起/科技园旁整租/南山区地铁房','1',NULL,'2002369','5','2016-06-21 20:48:44','2002369','5','2016-06-21 20:48:44','CMS新加推荐品牌','1');
insert into `coms_hotbrand` (`id`, `brandtabid`, `brandid`, `branddesc`, `status`, `roomids`, `createBy`, `createByType`, `createTime`, `updateBy`, `updateByType`, `updateTime`, `remark`, `sort`) values('32','30','18','实惠精装修 户型通透环境好\r\n专人管理 一客一锁 白领最爱','1','205629,205563,206059,205578,205738','2002369','5','2016-06-21 20:49:20','2002369','5','2016-06-21 20:49:20','CMS新加推荐品牌','3');
insert into `coms_hotbrand` (`id`, `brandtabid`, `brandid`, `branddesc`, `status`, `roomids`, `createBy`, `createByType`, `createTime`, `updateBy`, `updateByType`, `updateTime`, `remark`, `sort`) values('33','31','26','￥1680起/酒店式公寓/龙华新区','1',NULL,'2002369','5','2016-06-21 20:49:51','2002369','5','2016-06-21 20:49:51','CMS新加推荐品牌','8');
insert into `coms_hotbrand` (`id`, `brandtabid`, `brandid`, `branddesc`, `status`, `roomids`, `createBy`, `createByType`, `createTime`, `updateBy`, `updateByType`, `updateTime`, `remark`, `sort`) values('34','31','24','￥650起/大空间单房/龙岗区、宝安区','1',NULL,'2002369','5','2016-06-21 20:50:19',NULL,NULL,'2016-06-21 20:50:19','CMS新加推荐品牌','4');
insert into `coms_hotbrand` (`id`, `brandtabid`, `brandid`, `branddesc`, `status`, `roomids`, `createBy`, `createByType`, `createTime`, `updateBy`, `updateByType`, `updateTime`, `remark`, `sort`) values('35','32','21','￥4500起/科技园旁整租/南山区地铁房','1','225482,224725,228712,238096,225432,225480','2002369','5','2016-06-22 10:33:22','2002369','5','2016-06-22 10:33:22','CMS新加推荐品牌','2');
insert into `coms_hotbrand` (`id`, `brandtabid`, `brandid`, `branddesc`, `status`, `roomids`, `createBy`, `createByType`, `createTime`, `updateBy`, `updateByType`, `updateTime`, `remark`, `sort`) values('36','42','27','￥1980起/近地铁整租/龙华新区','1',NULL,'2002369','5','2016-06-22 10:34:01','2002369','5','2016-06-22 10:34:01','CMS新加推荐品牌','6');
insert into `coms_hotbrand` (`id`, `brandtabid`, `brandid`, `branddesc`, `status`, `roomids`, `createBy`, `createByType`, `createTime`, `updateBy`, `updateByType`, `updateTime`, `remark`, `sort`) values('37','31','23','￥1780起/地铁旁整租/宝安区','1',NULL,'2002369','5','2016-06-22 10:40:28','2002369','5','2016-06-22 10:40:28','CMS新加推荐品牌','2');
insert into `coms_hotbrand` (`id`, `brandtabid`, `brandid`, `branddesc`, `status`, `roomids`, `createBy`, `createByType`, `createTime`, `updateBy`, `updateByType`, `updateTime`, `remark`, `sort`) values('38','31','22','￥1250起/主题合租房/福田区','1',NULL,'2002369','5','2016-06-22 10:41:10','2002369','5','2016-06-22 10:41:10','CMS新加推荐品牌','5');
insert into `coms_hotbrand` (`id`, `brandtabid`, `brandid`, `branddesc`, `status`, `roomids`, `createBy`, `createByType`, `createTime`, `updateBy`, `updateByType`, `updateTime`, `remark`, `sort`) values('39','31','20','￥4200起/整租地铁房/南山区','1',NULL,'2002369','5','2016-06-22 10:41:53','2002369','5','2016-06-22 10:41:53','CMS新加推荐品牌','8');
insert into `coms_hotbrand` (`id`, `brandtabid`, `brandid`, `branddesc`, `status`, `roomids`, `createBy`, `createByType`, `createTime`, `updateBy`, `updateByType`, `updateTime`, `remark`, `sort`) values('40','31','18','￥1500起/白领合租房/酒店式管理','1',NULL,'2002369','5','2016-06-22 10:42:20','2002369','5','2016-06-22 10:42:20','CMS新加推荐品牌','7');
insert into `coms_hotbrand` (`id`, `brandtabid`, `brandid`, `branddesc`, `status`, `roomids`, `createBy`, `createByType`, `createTime`, `updateBy`, `updateByType`, `updateTime`, `remark`, `sort`) values('41','31','28','￥4200起/温馨整租房/南山区','1',NULL,'2002369','5','2016-06-22 10:42:40','2002369','5','2016-06-22 10:42:40','CMS新加推荐品牌','6');
insert into `coms_hotbrand` (`id`, `brandtabid`, `brandid`, `branddesc`, `status`, `roomids`, `createBy`, `createByType`, `createTime`, `updateBy`, `updateByType`, `updateTime`, `remark`, `sort`) values('42','31','27','￥1980起/近地铁整租/龙华新区','1','256999,256999,269248,257341,258604,256747','2002369','5','2016-06-22 10:43:26','2002369','5','2016-06-22 10:43:26','CMS新加推荐品牌','8');
insert into `coms_hotbrand` (`id`, `brandtabid`, `brandid`, `branddesc`, `status`, `roomids`, `createBy`, `createByType`, `createTime`, `updateBy`, `updateByType`, `updateTime`, `remark`, `sort`) values('43','42','24','￥650起/大空间单房/龙岗区、宝安区','1','162913,162906,188925,168809,162859','2002369','5','2016-06-22 10:52:22','2002369','5','2016-06-22 10:52:22','CMS新加推荐品牌','4');
insert into `coms_hotbrand` (`id`, `brandtabid`, `brandid`, `branddesc`, `status`, `roomids`, `createBy`, `createByType`, `createTime`, `updateBy`, `updateByType`, `updateTime`, `remark`, `sort`) values('44','42','26','￥1680起/酒店式公寓/龙华新区','1','265972,265930,265439,266125','2002369','5','2016-06-22 10:53:00','2002369','5','2016-06-22 10:53:00','CMS新加推荐品牌','5');
insert into `coms_hotbrand` (`id`, `brandtabid`, `brandid`, `branddesc`, `status`, `roomids`, `createBy`, `createByType`, `createTime`, `updateBy`, `updateByType`, `updateTime`, `remark`, `sort`) values('45','33','15','￥1980起/张江川沙/精致装修','1',NULL,'2002146','5','2016-06-22 13:40:22',NULL,NULL,'2016-06-22 13:40:22','CMS新加推荐品牌','1');
insert into `coms_hotbrand` (`id`, `brandtabid`, `brandid`, `branddesc`, `status`, `roomids`, `createBy`, `createByType`, `createTime`, `updateBy`, `updateByType`, `updateTime`, `remark`, `sort`) values('46','33','12','￥1900起/上海大学/锦秋花园小区','1',NULL,'2002146','5','2016-06-22 13:41:36',NULL,NULL,'2016-06-22 13:41:36','CMS新加推荐品牌','2');
insert into `coms_hotbrand` (`id`, `brandtabid`, `brandid`, `branddesc`, `status`, `roomids`, `createBy`, `createByType`, `createTime`, `updateBy`, `updateByType`, `updateTime`, `remark`, `sort`) values('47','33','16','￥1600起/松江九亭/9号线九亭','1',NULL,'2002146','5','2016-06-22 13:42:09',NULL,NULL,'2016-06-22 13:42:09','CMS新加推荐品牌','3');
insert into `coms_hotbrand` (`id`, `brandtabid`, `brandid`, `branddesc`, `status`, `roomids`, `createBy`, `createByType`, `createTime`, `updateBy`, `updateByType`, `updateTime`, `remark`, `sort`) values('48','33','2','￥2280起/上海大学/7号线489米','1',NULL,'2002146','5','2016-06-22 13:42:28',NULL,NULL,'2016-06-22 13:42:28','CMS新加推荐品牌','4');
insert into `coms_hotbrand` (`id`, `brandtabid`, `brandid`, `branddesc`, `status`, `roomids`, `createBy`, `createByType`, `createTime`, `updateBy`, `updateByType`, `updateTime`, `remark`, `sort`) values('49','33','14','￥1300起/宝山区/7号线顾村公园','1',NULL,'2002146','5','2016-06-22 13:43:05',NULL,NULL,'2016-06-22 13:43:05','CMS新加推荐品牌','5');
insert into `coms_hotbrand` (`id`, `brandtabid`, `brandid`, `branddesc`, `status`, `roomids`, `createBy`, `createByType`, `createTime`, `updateBy`, `updateByType`, `updateTime`, `remark`, `sort`) values('50','33','6','￥2600起/浦东三林/酒店式公寓','1',NULL,'2002146','5','2016-06-22 13:43:43',NULL,NULL,'2016-06-22 13:43:43','CMS新加推荐品牌','6');
insert into `coms_hotbrand` (`id`, `brandtabid`, `brandid`, `branddesc`, `status`, `roomids`, `createBy`, `createByType`, `createTime`, `updateBy`, `updateByType`, `updateTime`, `remark`, `sort`) values('51','33','1','￥2198起/宝山杨行/酒店式公寓','1',NULL,'2002146','5','2016-06-22 13:44:04',NULL,NULL,'2016-06-22 13:44:04','CMS新加推荐品牌','7');
insert into `coms_hotbrand` (`id`, `brandtabid`, `brandid`, `branddesc`, `status`, `roomids`, `createBy`, `createByType`, `createTime`, `updateBy`, `updateByType`, `updateTime`, `remark`, `sort`) values('52','33','10','￥2650起/闵行华漕/2号线徐泾东','1',NULL,'2002146','5','2016-06-22 13:44:25',NULL,NULL,'2016-06-22 13:44:25','CMS新加推荐品牌','8');
insert into `coms_hotbrand` (`id`, `brandtabid`, `brandid`, `branddesc`, `status`, `roomids`, `createBy`, `createByType`, `createTime`, `updateBy`, `updateByType`, `updateTime`, `remark`, `sort`) values('53','33','8','￥1500起/浦东川沙/酒店式公寓','1',NULL,'2002146','5','2016-06-22 13:44:43',NULL,NULL,'2016-06-22 13:44:43','CMS新加推荐品牌','9');
insert into `coms_hotbrand` (`id`, `brandtabid`, `brandid`, `branddesc`, `status`, `roomids`, `createBy`, `createByType`, `createTime`, `updateBy`, `updateByType`, `updateTime`, `remark`, `sort`) values('54','33','4','￥1500起/青浦徐泾/2号线徐泾东','1',NULL,'2002146','5','2016-06-22 13:45:09',NULL,NULL,'2016-06-22 13:45:09','CMS新加推荐品牌','10');
insert into `coms_hotbrand` (`id`, `brandtabid`, `brandid`, `branddesc`, `status`, `roomids`, `createBy`, `createByType`, `createTime`, `updateBy`, `updateByType`, `updateTime`, `remark`, `sort`) values('55','34','15','￥1980起/张江川沙/精致装修','1','259944,261621,257310,257051','2002146','5','2016-06-22 13:57:56','2002146','5','2016-06-22 13:57:56','CMS新加推荐品牌','1');
insert into `coms_hotbrand` (`id`, `brandtabid`, `brandid`, `branddesc`, `status`, `roomids`, `createBy`, `createByType`, `createTime`, `updateBy`, `updateByType`, `updateTime`, `remark`, `sort`) values('56','34','12','￥1900起/上海大学/锦秋花园小区','1','238813,238818,200453,176721,176719,228420,149523,182751','2002146','5','2016-06-22 14:02:06',NULL,NULL,'2016-06-22 14:02:06','CMS新加推荐品牌','2');
insert into `coms_hotbrand` (`id`, `brandtabid`, `brandid`, `branddesc`, `status`, `roomids`, `createBy`, `createByType`, `createTime`, `updateBy`, `updateByType`, `updateTime`, `remark`, `sort`) values('57','34','14','￥1300起/宝山区/7号线顾村公园','1','232567,237233,221358,232568,237248,237237,237251,237238','2002146','5','2016-06-22 14:02:36',NULL,NULL,'2016-06-22 14:02:36','CMS新加推荐品牌','3');
insert into `coms_hotbrand` (`id`, `brandtabid`, `brandid`, `branddesc`, `status`, `roomids`, `createBy`, `createByType`, `createTime`, `updateBy`, `updateByType`, `updateTime`, `remark`, `sort`) values('58','45','16','￥1600起/松江九亭/9号线九亭','1','195889,195890,264346,175830,175819','2002146','5','2016-06-22 14:03:40','2002146','5','2016-06-22 14:03:40','CMS新加推荐品牌','4');
insert into `coms_hotbrand` (`id`, `brandtabid`, `brandid`, `branddesc`, `status`, `roomids`, `createBy`, `createByType`, `createTime`, `updateBy`, `updateByType`, `updateTime`, `remark`, `sort`) values('59','45','8','￥1500起/浦东川沙/酒店式公寓','1',NULL,'2002146','5','2016-06-22 14:04:01','2002146','5','2016-06-22 14:04:01','CMS新加推荐品牌','5');
insert into `coms_hotbrand` (`id`, `brandtabid`, `brandid`, `branddesc`, `status`, `roomids`, `createBy`, `createByType`, `createTime`, `updateBy`, `updateByType`, `updateTime`, `remark`, `sort`) values('60','45','2','￥2280起/上海大学/7号线489米','1','206972,212075,212065,212060,267946,212142','2002146','5','2016-06-22 14:04:33','2002146','5','2016-06-22 14:04:33','CMS新加推荐品牌','6');
insert into `coms_hotbrand` (`id`, `brandtabid`, `brandid`, `branddesc`, `status`, `roomids`, `createBy`, `createByType`, `createTime`, `updateBy`, `updateByType`, `updateTime`, `remark`, `sort`) values('61','46','6','￥2600起/浦东三林/酒店式公寓','1',NULL,'2002146','5','2016-06-22 14:04:56','2002146','5','2016-06-22 14:04:56','CMS新加推荐品牌','7');
insert into `coms_hotbrand` (`id`, `brandtabid`, `brandid`, `branddesc`, `status`, `roomids`, `createBy`, `createByType`, `createTime`, `updateBy`, `updateByType`, `updateTime`, `remark`, `sort`) values('62','46','1','￥2198起/宝山杨行/酒店式公寓','1',NULL,'2002146','5','2016-06-22 14:05:22','2002146','5','2016-06-22 14:05:22','CMS新加推荐品牌','8');
insert into `coms_hotbrand` (`id`, `brandtabid`, `brandid`, `branddesc`, `status`, `roomids`, `createBy`, `createByType`, `createTime`, `updateBy`, `updateByType`, `updateTime`, `remark`, `sort`) values('63','46','4','￥1500起/青浦徐泾/2号线徐泾东','1',NULL,'2002146','5','2016-06-22 14:05:39','2002146','5','2016-06-22 14:05:39','CMS新加推荐品牌','9');
insert into `coms_hotbrand` (`id`, `brandtabid`, `brandid`, `branddesc`, `status`, `roomids`, `createBy`, `createByType`, `createTime`, `updateBy`, `updateByType`, `updateTime`, `remark`, `sort`) values('64','46','10','￥2650起/闵行华漕/2号线徐泾东','1',NULL,'2002146','5','2016-06-22 14:06:03','2002146','5','2016-06-22 14:06:03','CMS新加推荐品牌','10');
insert into `coms_hotbrand` (`id`, `brandtabid`, `brandid`, `branddesc`, `status`, `roomids`, `createBy`, `createByType`, `createTime`, `updateBy`, `updateByType`, `updateTime`, `remark`, `sort`) values('65','35','15','￥1980起丨张江川沙\r\nweshare高逼格居住空间','1','259944,261621,257310,257051','2002146','5','2016-06-22 14:08:24','2002146','5','2016-06-22 14:08:24','CMS新加推荐品牌','1');
insert into `coms_hotbrand` (`id`, `brandtabid`, `brandid`, `branddesc`, `status`, `roomids`, `createBy`, `createByType`, `createTime`, `updateBy`, `updateByType`, `updateTime`, `remark`, `sort`) values('66','35','12','￥1900起丨上海大学\r\n上海大学城里的好公寓','1','238813,238818,200453,176721,176719,228420,149523,182751','2002146','5','2016-06-22 14:16:37','2002146','5','2016-06-22 14:16:37','CMS新加推荐品牌','2');
insert into `coms_hotbrand` (`id`, `brandtabid`, `brandid`, `branddesc`, `status`, `roomids`, `createBy`, `createByType`, `createTime`, `updateBy`, `updateByType`, `updateTime`, `remark`, `sort`) values('67','35','14','￥1300起丨宝山区\r\n7号线顾村公园站周边','1','232567,237233,221358,232568,237248,237237,237251,237238','2002146','5','2016-06-22 14:17:28','2002146','5','2016-06-22 14:17:28','CMS新加推荐品牌','3');
insert into `coms_hotbrand` (`id`, `brandtabid`, `brandid`, `branddesc`, `status`, `roomids`, `createBy`, `createByType`, `createTime`, `updateBy`, `updateByType`, `updateTime`, `remark`, `sort`) values('68','35','10','￥2650起丨闵行华漕\r\n2号线徐泾东丨城市好来屋','1',NULL,'2002146','5','2016-06-22 14:18:24','2002146','5','2016-06-22 14:18:24','CMS新加推荐品牌','4');
insert into `coms_hotbrand` (`id`, `brandtabid`, `brandid`, `branddesc`, `status`, `roomids`, `createBy`, `createByType`, `createTime`, `updateBy`, `updateByType`, `updateTime`, `remark`, `sort`) values('69','36','5','￥3200起/丰台宣武/三环四环','1','247210,20914,21846,23976,21903,271779,251317,25386','2002146','5','2016-06-23 13:59:33',NULL,NULL,'2016-06-23 13:59:33','CMS新加推荐品牌','1');
insert into `coms_hotbrand` (`id`, `brandtabid`, `brandid`, `branddesc`, `status`, `roomids`, `createBy`, `createByType`, `createTime`, `updateBy`, `updateByType`, `updateTime`, `remark`, `sort`) values('70','36','3','￥2600起/昌平回龙观/知心公寓','1',NULL,'2002146','5','2016-06-23 14:03:01','2002146','5','2016-06-23 14:03:01','CMS新加推荐品牌','2');
insert into `coms_hotbrand` (`id`, `brandtabid`, `brandid`, `branddesc`, `status`, `roomids`, `createBy`, `createByType`, `createTime`, `updateBy`, `updateByType`, `updateTime`, `remark`, `sort`) values('71','36','7','￥2800起/朝阳区/10号线芍药居','1',NULL,'2002146','5','2016-06-23 14:03:28',NULL,NULL,'2016-06-23 14:03:28','CMS新加推荐品牌','3');
insert into `coms_hotbrand` (`id`, `brandtabid`, `brandid`, `branddesc`, `status`, `roomids`, `createBy`, `createByType`, `createTime`, `updateBy`, `updateByType`, `updateTime`, `remark`, `sort`) values('72','36','29','￥930起/丰台青塔/美女合租','1',NULL,'2002146','5','2016-06-23 14:04:04',NULL,NULL,'2016-06-23 14:04:04','CMS新加推荐品牌','4');
insert into `coms_hotbrand` (`id`, `brandtabid`, `brandid`, `branddesc`, `status`, `roomids`, `createBy`, `createByType`, `createTime`, `updateBy`, `updateByType`, `updateTime`, `remark`, `sort`) values('73','36','9','￥1600起/丰台六里桥/圆梦基地','1','271784,247477,246251','2002146','5','2016-06-23 14:04:36',NULL,NULL,'2016-06-23 14:04:36','CMS新加推荐品牌','5');
insert into `coms_hotbrand` (`id`, `brandtabid`, `brandid`, `branddesc`, `status`, `roomids`, `createBy`, `createByType`, `createTime`, `updateBy`, `updateByType`, `updateTime`, `remark`, `sort`) values('74','36','11','￥5800起/整租地铁房/10号线西局','1','36373,36459,38076,166176','2002146','5','2016-06-23 14:05:00',NULL,NULL,'2016-06-23 14:05:00','CMS新加推荐品牌','6');
insert into `coms_hotbrand` (`id`, `brandtabid`, `brandid`, `branddesc`, `status`, `roomids`, `createBy`, `createByType`, `createTime`, `updateBy`, `updateByType`, `updateTime`, `remark`, `sort`) values('75','36','19','￥2800起/朝阳八通线/传媒大学765米','1',NULL,'2002146','5','2016-06-23 14:05:20',NULL,NULL,'2016-06-23 14:05:20','CMS新加推荐品牌','7');
insert into `coms_hotbrand` (`id`, `brandtabid`, `brandid`, `branddesc`, `status`, `roomids`, `createBy`, `createByType`, `createTime`, `updateBy`, `updateByType`, `updateTime`, `remark`, `sort`) values('76','36','13','￥2300起/一室户/丰台草桥','1',NULL,'2002146','5','2016-06-23 14:05:43',NULL,NULL,'2016-06-23 14:05:43','CMS新加推荐品牌','8');
insert into `coms_hotbrand` (`id`, `brandtabid`, `brandid`, `branddesc`, `status`, `roomids`, `createBy`, `createByType`, `createTime`, `updateBy`, `updateByType`, `updateTime`, `remark`, `sort`) values('77','36','30','精品公寓','1',NULL,'2002146','5','2016-06-23 14:06:38',NULL,NULL,'2016-06-23 14:06:38','CMS新加推荐品牌','9');
insert into `coms_hotbrand` (`id`, `brandtabid`, `brandid`, `branddesc`, `status`, `roomids`, `createBy`, `createByType`, `createTime`, `updateBy`, `updateByType`, `updateTime`, `remark`, `sort`) values('78','36','17','￥500起/昌平沙河/酒店式公寓','1','207988,207903,207832,207768','2002146','5','2016-06-23 14:06:59',NULL,NULL,'2016-06-23 14:06:59','CMS新加推荐品牌','10');
insert into `coms_hotbrand` (`id`, `brandtabid`, `brandid`, `branddesc`, `status`, `roomids`, `createBy`, `createByType`, `createTime`, `updateBy`, `updateByType`, `updateTime`, `remark`, `sort`) values('79','38','5','￥3200起/丰台宣武/三环四环','1','247210,20914,21846,23976,21903,271779,251317,25386','2002146','5','2016-06-23 14:14:04',NULL,NULL,'2016-06-23 14:14:04','CMS新加推荐品牌','1');
insert into `coms_hotbrand` (`id`, `brandtabid`, `brandid`, `branddesc`, `status`, `roomids`, `createBy`, `createByType`, `createTime`, `updateBy`, `updateByType`, `updateTime`, `remark`, `sort`) values('80','38','3','￥2600起/昌平回龙观/知心公寓','1',NULL,'2002146','5','2016-06-23 14:14:30',NULL,NULL,'2016-06-23 14:14:30','CMS新加推荐品牌','2');
insert into `coms_hotbrand` (`id`, `brandtabid`, `brandid`, `branddesc`, `status`, `roomids`, `createBy`, `createByType`, `createTime`, `updateBy`, `updateByType`, `updateTime`, `remark`, `sort`) values('81','38','7','￥2800起/朝阳区/10号线芍药居','1',NULL,'2002146','5','2016-06-23 14:15:03',NULL,NULL,'2016-06-23 14:15:03','CMS新加推荐品牌','3');
insert into `coms_hotbrand` (`id`, `brandtabid`, `brandid`, `branddesc`, `status`, `roomids`, `createBy`, `createByType`, `createTime`, `updateBy`, `updateByType`, `updateTime`, `remark`, `sort`) values('82','38','29','￥930起/丰台青塔/美女合租','1',NULL,'2002146','5','2016-06-23 14:17:22',NULL,NULL,'2016-06-23 14:17:22','CMS新加推荐品牌','4');
insert into `coms_hotbrand` (`id`, `brandtabid`, `brandid`, `branddesc`, `status`, `roomids`, `createBy`, `createByType`, `createTime`, `updateBy`, `updateByType`, `updateTime`, `remark`, `sort`) values('83','39','5','￥3200起/丰台宣武/三环四环','1','247210,20914,21846,23976,21903,271779,251317,25386','2002146','5','2016-06-23 14:35:53',NULL,NULL,'2016-06-23 14:35:53','CMS新加推荐品牌','1');
insert into `coms_hotbrand` (`id`, `brandtabid`, `brandid`, `branddesc`, `status`, `roomids`, `createBy`, `createByType`, `createTime`, `updateBy`, `updateByType`, `updateTime`, `remark`, `sort`) values('84','39','3','￥2600起/昌平回龙观/知心公寓','1',NULL,'2002146','5','2016-06-23 14:36:14',NULL,NULL,'2016-06-23 14:36:14','CMS新加推荐品牌','2');
insert into `coms_hotbrand` (`id`, `brandtabid`, `brandid`, `branddesc`, `status`, `roomids`, `createBy`, `createByType`, `createTime`, `updateBy`, `updateByType`, `updateTime`, `remark`, `sort`) values('85','39','7','￥2800起/朝阳区/10号线芍药居','1',NULL,'2002146','5','2016-06-23 14:36:37',NULL,NULL,'2016-06-23 14:36:37','CMS新加推荐品牌','3');
insert into `coms_hotbrand` (`id`, `brandtabid`, `brandid`, `branddesc`, `status`, `roomids`, `createBy`, `createByType`, `createTime`, `updateBy`, `updateByType`, `updateTime`, `remark`, `sort`) values('86','40','29','￥930起/丰台青塔/美女合租','1',NULL,'2002146','5','2016-06-23 14:37:00','2002146','5','2016-06-23 14:37:00','CMS新加推荐品牌','4');
insert into `coms_hotbrand` (`id`, `brandtabid`, `brandid`, `branddesc`, `status`, `roomids`, `createBy`, `createByType`, `createTime`, `updateBy`, `updateByType`, `updateTime`, `remark`, `sort`) values('87','40','11','￥5800起/整租地铁房/10号线西局','1','36373,36459,38076,166176','2002146','5','2016-06-23 14:37:43',NULL,NULL,'2016-06-23 14:37:43','CMS新加推荐品牌','5');
insert into `coms_hotbrand` (`id`, `brandtabid`, `brandid`, `branddesc`, `status`, `roomids`, `createBy`, `createByType`, `createTime`, `updateBy`, `updateByType`, `updateTime`, `remark`, `sort`) values('88','40','19','￥2800起/朝阳八通线/传媒大学765米','1',NULL,'2002146','5','2016-06-23 14:38:19',NULL,NULL,'2016-06-23 14:38:19','CMS新加推荐品牌','6');
insert into `coms_hotbrand` (`id`, `brandtabid`, `brandid`, `branddesc`, `status`, `roomids`, `createBy`, `createByType`, `createTime`, `updateBy`, `updateByType`, `updateTime`, `remark`, `sort`) values('89','41','9','￥1600起/丰台六里桥/圆梦基地','1','271784,247477,246251','2002146','5','2016-06-23 14:38:40',NULL,NULL,'2016-06-23 14:38:40','CMS新加推荐品牌','7');
insert into `coms_hotbrand` (`id`, `brandtabid`, `brandid`, `branddesc`, `status`, `roomids`, `createBy`, `createByType`, `createTime`, `updateBy`, `updateByType`, `updateTime`, `remark`, `sort`) values('90','41','13','￥2300起/一室户/丰台草桥','1',NULL,'2002146','5','2016-06-23 14:39:08',NULL,NULL,'2016-06-23 14:39:08','CMS新加推荐品牌','8');
insert into `coms_hotbrand` (`id`, `brandtabid`, `brandid`, `branddesc`, `status`, `roomids`, `createBy`, `createByType`, `createTime`, `updateBy`, `updateByType`, `updateTime`, `remark`, `sort`) values('91','41','17','￥500起/昌平沙河/酒店式公寓','1','207988,207903,207832,207768','2002146','5','2016-06-23 14:39:35',NULL,NULL,'2016-06-23 14:39:35','CMS新加推荐品牌','9');
insert into `coms_hotbrand` (`id`, `brandtabid`, `brandid`, `branddesc`, `status`, `roomids`, `createBy`, `createByType`, `createTime`, `updateBy`, `updateByType`, `updateTime`, `remark`, `sort`) values('92','43','5','￥3200起/丰台宣武/三环四环','1',NULL,'2002146','5','2016-06-23 14:45:41',NULL,NULL,'2016-06-23 14:45:41','CMS新加推荐品牌','1');
insert into `coms_hotbrand` (`id`, `brandtabid`, `brandid`, `branddesc`, `status`, `roomids`, `createBy`, `createByType`, `createTime`, `updateBy`, `updateByType`, `updateTime`, `remark`, `sort`) values('93','43','3','￥2600起/昌平回龙观/知心公寓','1',NULL,'2002146','5','2016-06-23 14:46:01',NULL,NULL,'2016-06-23 14:46:01','CMS新加推荐品牌','2');
insert into `coms_hotbrand` (`id`, `brandtabid`, `brandid`, `branddesc`, `status`, `roomids`, `createBy`, `createByType`, `createTime`, `updateBy`, `updateByType`, `updateTime`, `remark`, `sort`) values('94','43','7','￥2800起/朝阳区/10号线芍药居','1',NULL,'2002146','5','2016-06-23 14:46:27',NULL,NULL,'2016-06-23 14:46:27','CMS新加推荐品牌','3');
insert into `coms_hotbrand` (`id`, `brandtabid`, `brandid`, `branddesc`, `status`, `roomids`, `createBy`, `createByType`, `createTime`, `updateBy`, `updateByType`, `updateTime`, `remark`, `sort`) values('95','43','29','￥930起/丰台青塔/美女合租','1',NULL,'2002146','5','2016-06-23 14:55:38',NULL,NULL,'2016-06-23 14:55:38','CMS新加推荐品牌','4');
insert into `coms_hotbrand` (`id`, `brandtabid`, `brandid`, `branddesc`, `status`, `roomids`, `createBy`, `createByType`, `createTime`, `updateBy`, `updateByType`, `updateTime`, `remark`, `sort`) values('96','43','9','￥1600起/丰台六里桥/圆梦基地','1',NULL,'2002146','5','2016-06-23 14:58:25',NULL,NULL,'2016-06-23 14:58:25','CMS新加推荐品牌','5');
insert into `coms_hotbrand` (`id`, `brandtabid`, `brandid`, `branddesc`, `status`, `roomids`, `createBy`, `createByType`, `createTime`, `updateBy`, `updateByType`, `updateTime`, `remark`, `sort`) values('97','43','11','￥5800起/整租地铁房/10号线西局','1',NULL,'2002146','5','2016-06-23 14:58:51',NULL,NULL,'2016-06-23 14:58:51','CMS新加推荐品牌','6');
insert into `coms_hotbrand` (`id`, `brandtabid`, `brandid`, `branddesc`, `status`, `roomids`, `createBy`, `createByType`, `createTime`, `updateBy`, `updateByType`, `updateTime`, `remark`, `sort`) values('98','43','19','￥2800起/朝阳八通线/传媒大学765米','1',NULL,'2002146','5','2016-06-23 14:59:29',NULL,NULL,'2016-06-23 14:59:29','CMS新加推荐品牌','7');
insert into `coms_hotbrand` (`id`, `brandtabid`, `brandid`, `branddesc`, `status`, `roomids`, `createBy`, `createByType`, `createTime`, `updateBy`, `updateByType`, `updateTime`, `remark`, `sort`) values('99','43','13','￥2300起/一室户/丰台草桥','1',NULL,'2002146','5','2016-06-23 15:00:02',NULL,NULL,'2016-06-23 15:00:02','CMS新加推荐品牌','8');
insert into `coms_hotbrand` (`id`, `brandtabid`, `brandid`, `branddesc`, `status`, `roomids`, `createBy`, `createByType`, `createTime`, `updateBy`, `updateByType`, `updateTime`, `remark`, `sort`) values('100','43','30','','1',NULL,'2002146','5','2016-06-23 15:00:26',NULL,NULL,'2016-06-23 15:00:26','CMS新加推荐品牌','9');
insert into `coms_hotbrand` (`id`, `brandtabid`, `brandid`, `branddesc`, `status`, `roomids`, `createBy`, `createByType`, `createTime`, `updateBy`, `updateByType`, `updateTime`, `remark`, `sort`) values('101','43','17','￥500起/昌平沙河/酒店式公寓','1',NULL,'2002146','5','2016-06-23 15:01:10',NULL,NULL,'2016-06-23 15:01:10','CMS新加推荐品牌','10');
insert into `coms_hotbrand` (`id`, `brandtabid`, `brandid`, `branddesc`, `status`, `roomids`, `createBy`, `createByType`, `createTime`, `updateBy`, `updateByType`, `updateTime`, `remark`, `sort`) values('102','44','5','￥3200起/丰台宣武/三环四环','1','247210,20914,21846,23976,21903,271779,251317,25386','2002146','5','2016-06-23 15:09:29',NULL,NULL,'2016-06-23 15:09:29','CMS新加推荐品牌','1');
insert into `coms_hotbrand` (`id`, `brandtabid`, `brandid`, `branddesc`, `status`, `roomids`, `createBy`, `createByType`, `createTime`, `updateBy`, `updateByType`, `updateTime`, `remark`, `sort`) values('103','44','19','￥2800起/朝阳八通线/传媒大学765米','1',NULL,'2002146','5','2016-06-23 15:10:24',NULL,NULL,'2016-06-23 15:10:24','CMS新加推荐品牌','2');
insert into `coms_hotbrand` (`id`, `brandtabid`, `brandid`, `branddesc`, `status`, `roomids`, `createBy`, `createByType`, `createTime`, `updateBy`, `updateByType`, `updateTime`, `remark`, `sort`) values('104','44','29','￥930起/丰台青塔/美女合租','1',NULL,'2002146','5','2016-06-23 15:10:54',NULL,NULL,'2016-06-23 15:10:54','CMS新加推荐品牌','3');
insert into `coms_hotbrand` (`id`, `brandtabid`, `brandid`, `branddesc`, `status`, `roomids`, `createBy`, `createByType`, `createTime`, `updateBy`, `updateByType`, `updateTime`, `remark`, `sort`) values('105','44','11','￥5800起/整租地铁房/10号线西局','1','36373,36459,38076,166176','2002146','5','2016-06-23 15:11:25',NULL,NULL,'2016-06-23 15:11:25','CMS新加推荐品牌','4');
insert into `coms_hotbrand` (`id`, `brandtabid`, `brandid`, `branddesc`, `status`, `roomids`, `createBy`, `createByType`, `createTime`, `updateBy`, `updateByType`, `updateTime`, `remark`, `sort`) values('106','26','6','￥2600起/浦东三林/酒店式公寓','1',NULL,'2002146','5','2016-06-23 16:03:02',NULL,NULL,'2016-06-23 16:03:02','CMS新加推荐品牌','6');
insert into `coms_hotbrand` (`id`, `brandtabid`, `brandid`, `branddesc`, `status`, `roomids`, `createBy`, `createByType`, `createTime`, `updateBy`, `updateByType`, `updateTime`, `remark`, `sort`) values('107','26','8','￥1500起/浦东川沙/酒店式公寓','1',NULL,'2002146','5','2016-06-23 16:03:43',NULL,NULL,'2016-06-23 16:03:43','CMS新加推荐品牌','7');
insert into `coms_hotbrand` (`id`, `brandtabid`, `brandid`, `branddesc`, `status`, `roomids`, `createBy`, `createByType`, `createTime`, `updateBy`, `updateByType`, `updateTime`, `remark`, `sort`) values('108','26','1','￥2198起/宝山杨行/酒店式公寓','1',NULL,'2002146','5','2016-06-23 16:05:52',NULL,NULL,'2016-06-23 16:05:52','CMS新加推荐品牌','8');
insert into `coms_hotbrand` (`id`, `brandtabid`, `brandid`, `branddesc`, `status`, `roomids`, `createBy`, `createByType`, `createTime`, `updateBy`, `updateByType`, `updateTime`, `remark`, `sort`) values('109','26','4','￥1500起/青浦徐泾/2号线徐泾东','1',NULL,'2002146','5','2016-06-23 16:06:10',NULL,NULL,'2016-06-23 16:06:10','CMS新加推荐品牌','9');
insert into `coms_hotbrand` (`id`, `brandtabid`, `brandid`, `branddesc`, `status`, `roomids`, `createBy`, `createByType`, `createTime`, `updateBy`, `updateByType`, `updateTime`, `remark`, `sort`) values('110','26','10','￥2650起/闵行华漕/2号线徐泾东','1',NULL,'2002146','5','2016-06-23 16:06:32',NULL,NULL,'2016-06-23 16:06:32','CMS新加推荐品牌','10');

/* coms_hottab */
insert into `coms_hottab` (`id`, `name`, `seq`, `cityId`, `onlineTime`, `createBy`, `createTime`, `updateBy`, `updateTime`, `tabType`, `brief`, `description`, `status`, `valid`, `remark`, `picGroupId`) values('25','包租婆公寓','1','289','2016-06-21 17:08:35','2002369','2016-06-21 17:08:35',NULL,'2016-06-21 18:02:07','2','包租婆公寓',NULL,'1','0','CMS新加标签',NULL);
insert into `coms_hottab` (`id`, `name`, `seq`, `cityId`, `onlineTime`, `createBy`, `createTime`, `updateBy`, `updateTime`, `tabType`, `brief`, `description`, `status`, `valid`, `remark`, `picGroupId`) values('26','品牌故事','1','289','2016-06-21 17:56:02','2002146','2016-06-21 17:56:02','2002146','2016-06-21 18:02:01','2','生活不止眼前的苟且，还有出租屋里的大床房、高逼格装修……</br>\r\n为生活更美好而诞生！',NULL,'1','1','CMS新加标签',NULL);
insert into `coms_hottab` (`id`, `name`, `seq`, `cityId`, `onlineTime`, `createBy`, `createTime`, `updateBy`, `updateTime`, `tabType`, `brief`, `description`, `status`, `valid`, `remark`, `picGroupId`) values('27','优选生活','1','289','2016-06-21 18:32:45','2002146','2016-06-21 18:32:45','2000887','2016-06-24 13:48:55','2','生活不止眼前的苟且，还有一套美妙的房子。<br/>\r\n选择优选公寓，开启你的新生活。',NULL,'1','1','CMS新加标签',NULL);
insert into `coms_hottab` (`id`, `name`, `seq`, `cityId`, `onlineTime`, `createBy`, `createTime`, `updateBy`, `updateTime`, `tabType`, `brief`, `description`, `status`, `valid`, `remark`, `picGroupId`) values('28','品牌故事','2','340','2016-06-21 20:11:37','2002369','2016-06-21 20:11:37','2000083','2016-06-22 10:46:28','2','生活不止眼前的苟且，还有出租屋里的大床房、高逼格装修……</br>\r\n为生活更美好而诞生！',NULL,'1','1','CMS新加标签',NULL);
insert into `coms_hottab` (`id`, `name`, `seq`, `cityId`, `onlineTime`, `createBy`, `createTime`, `updateBy`, `updateTime`, `tabType`, `brief`, `description`, `status`, `valid`, `remark`, `picGroupId`) values('29','优选生活','1','340','2016-06-21 20:22:29','2002369','2016-06-21 20:22:29','2000887','2016-06-24 13:48:37','2','生活不止眼前的苟且，还有一套美妙的房子。<br/>\r\n选择优选公寓，开启你的新生活。',NULL,'1','1','CMS新加标签',NULL);
insert into `coms_hottab` (`id`, `name`, `seq`, `cityId`, `onlineTime`, `createBy`, `createTime`, `updateBy`, `updateTime`, `tabType`, `brief`, `description`, `status`, `valid`, `remark`, `picGroupId`) values('30','优选品牌','1','340','2016-06-21 20:43:19','2002369','2016-06-21 20:43:19','2000887','2016-06-23 22:18:20','2','生活不止眼前的苟且，还有出租屋里的大床房、高逼格装修……\r\n为生活更美好而诞生！','生活不止眼前的苟且，还有出租屋里的大床房、高逼格装修……\r\n为生活更美好而诞生！','1','1','CMS新加标签',NULL);
insert into `coms_hottab` (`id`, `name`, `seq`, `cityId`, `onlineTime`, `createBy`, `createTime`, `updateBy`, `updateTime`, `tabType`, `brief`, `description`, `status`, `valid`, `remark`, `picGroupId`) values('31','Logo推荐位','1','340','2016-06-21 20:43:40','2002369','2016-06-21 20:43:40','2000083','2016-06-23 14:53:51','2','生活不止眼前的苟且，还有出租屋里的大床房、高逼格装修……\r\n为生活更美好而诞生！','生活不止眼前的苟且，还有出租屋里的大床房、高逼格装修……\r\n为生活更美好而诞生！','1','1','CMS新加标签',NULL);
insert into `coms_hottab` (`id`, `name`, `seq`, `cityId`, `onlineTime`, `createBy`, `createTime`, `updateBy`, `updateTime`, `tabType`, `brief`, `description`, `status`, `valid`, `remark`, `picGroupId`) values('32','精装合租 青春不将就','1','340','2016-06-21 20:44:01','2002369','2016-06-21 20:44:01','2002369','2016-06-23 14:44:21','2','“枫下的秋千，盛夏的暗恋”，自从牵到你的手，就再没放开过，拉着你走出校园，走进我们的空间。\r\n\r\n最美是你奔波一天后，脱下高跟鞋，甩甩头发，解开两三颗衬衣纽扣熟睡在我身旁的样子。枕头还有你的味道。\r\n\r\n虽然现在除了卧室，其他的房间都要和室友们分享。但，以后一定要给你买大大的房子，种满你爱的花朵。\r\n\r\n不过这间简单干净的合租小屋，是我们梦想起步的地方。永远不会忘记。','“枫下的秋千，盛夏的暗恋”，自从牵到你的手，就再没放开过，拉着你走出校园，走进我们的空间。\r\n\r\n最美是你奔波一天后，脱下高跟鞋，甩甩头发，解开两三颗衬衣纽扣熟睡在我身旁的样子。枕头还有你的味道。\r\n\r\n虽然现在除了卧室，其他的房间都要和室友们分享。但，以后一定要给你买大大的房子，种满你爱的花朵。\r\n\r\n不过这间简单干净的合租小屋，是我们梦想起步的地方。永远不会忘记。','1','1','CMS新加标签',NULL);
insert into `coms_hottab` (`id`, `name`, `seq`, `cityId`, `onlineTime`, `createBy`, `createTime`, `updateBy`, `updateTime`, `tabType`, `brief`, `description`, `status`, `valid`, `remark`, `picGroupId`) values('33','Logo推荐位','1','289','2016-06-22 13:38:55','2002146','2016-06-22 13:38:55','2000083','2016-06-23 14:53:33','2','生活不止眼前的苟且，还有出租屋里的大床房、高逼格装修……\r\n为生活更美好而诞生！','生活不止眼前的苟且，还有出租屋里的大床房、高逼格装修……\r\n为生活更美好而诞生！','1','1','CMS新加标签',NULL);
insert into `coms_hottab` (`id`, `name`, `seq`, `cityId`, `onlineTime`, `createBy`, `createTime`, `updateBy`, `updateTime`, `tabType`, `brief`, `description`, `status`, `valid`, `remark`, `picGroupId`) values('34','迷恋 ? Young生活','3','289','2016-06-22 13:57:25','2002146','2016-06-22 13:57:25','2000887','2016-06-24 11:07:30','2','年轻时光里，\r\n要有最朴素的生活，\r\n与最遥远的梦想。\r\n即使明日天寒地冻，路远马亡。\r\n\r\n给自己试一试的机会，\r\n不错过那些美食，\r\n不错过那些漂亮衣裳，\r\n不错过那个人，\r\n也不错过一整个你本该拥有的人生。\r\n\r\n生活不可能一马平川，\r\n房子却可以始终陪伴，\r\n每个笑啊哭啊的Young时光，\r\n愿你，被整个世界温柔以待！','年轻时光里，\r\n要有最朴素的生活，\r\n与最遥远的梦想。\r\n即使明日天寒地冻，路远马亡。\r\n\r\n给自己试一试的机会，\r\n不错过那些美食，\r\n不错过那些漂亮衣裳，\r\n不错过那个人，\r\n也不错过一整个你本该拥有的人生。\r\n\r\n生活不可能一马平川，\r\n房子却可以始终陪伴，\r\n每个笑啊哭啊的Young时光，\r\n愿你，被整个世界温柔以待！','1','1','CMS新加标签',NULL);
insert into `coms_hottab` (`id`, `name`, `seq`, `cityId`, `onlineTime`, `createBy`, `createTime`, `updateBy`, `updateTime`, `tabType`, `brief`, `description`, `status`, `valid`, `remark`, `picGroupId`) values('35','优选品牌','1','289','2016-06-22 14:07:23','2002146','2016-06-22 14:07:23','2000887','2016-06-23 22:18:51','2','生活不止眼前的苟且，还有出租屋里的大床房、高逼格装修……\r\n为生活更美好而诞生！','生活不止眼前的苟且，还有出租屋里的大床房、高逼格装修……\r\n为生活更美好而诞生！','1','1','CMS新加标签',NULL);
insert into `coms_hottab` (`id`, `name`, `seq`, `cityId`, `onlineTime`, `createBy`, `createTime`, `updateBy`, `updateTime`, `tabType`, `brief`, `description`, `status`, `valid`, `remark`, `picGroupId`) values('36','品牌公寓','1','131','2016-06-23 13:58:46','2002146','2016-06-23 13:58:46','2002146','2016-06-23 14:01:52','2','生活不止眼前的苟且，还有出租屋里的大床房、高逼格装修……\r\n为幸福而租，品牌为生活更美好而诞生！',NULL,'1','1','CMS新加标签',NULL);
insert into `coms_hottab` (`id`, `name`, `seq`, `cityId`, `onlineTime`, `createBy`, `createTime`, `updateBy`, `updateTime`, `tabType`, `brief`, `description`, `status`, `valid`, `remark`, `picGroupId`) values('37','品牌公寓','0','289','2016-06-23 14:07:49','2000887','2016-06-23 14:07:49',NULL,'2016-06-23 14:08:28','2','生活不止眼前的苟且，还有出租屋里的大床房、高逼格装修……\r\n为生活更美好而诞生！','生活不止眼前的苟且，还有出租屋里的大床房、高逼格装修……\r\n为生活更美好而诞生！','1','0','CMS新加标签',NULL);
insert into `coms_hottab` (`id`, `name`, `seq`, `cityId`, `onlineTime`, `createBy`, `createTime`, `updateBy`, `updateTime`, `tabType`, `brief`, `description`, `status`, `valid`, `remark`, `picGroupId`) values('38','优选生活','1','131','2016-06-23 14:10:50','2002146','2016-06-23 14:10:50','2000887','2016-06-24 13:48:47','2','生活不止眼前的苟且，还有一套美妙的房子。<br/>\r\n选择优选公寓，开启你的新生活。',NULL,'1','1','CMS新加标签',NULL);
insert into `coms_hottab` (`id`, `name`, `seq`, `cityId`, `onlineTime`, `createBy`, `createTime`, `updateBy`, `updateTime`, `tabType`, `brief`, `description`, `status`, `valid`, `remark`, `picGroupId`) values('39','迷恋 ? Young生活','1','131','2016-06-23 14:29:20','2002146','2016-06-23 14:29:20','2000887','2016-06-24 11:07:42','2','年轻时光里，\r\n要有最朴素的生活，\r\n与最遥远的梦想。\r\n即使明日天寒地冻，路远马亡。\r\n\r\n给自己试一试的机会，\r\n不错过那些美食，\r\n不错过那些漂亮衣裳，\r\n不错过那个人，\r\n也不错过一整个你本该拥有的人生。\r\n\r\n生活不可能一马平川，\r\n房子却可以始终陪伴，\r\n每个笑啊哭啊的Young时光，\r\n愿你，被整个世界温柔以待！','年轻时光里，\r\n要有最朴素的生活，\r\n与最遥远的梦想。\r\n即使明日天寒地冻，路远马亡。\r\n\r\n给自己试一试的机会，\r\n不错过那些美食，\r\n不错过那些漂亮衣裳，\r\n不错过那个人，\r\n也不错过一整个你本该拥有的人生。\r\n\r\n生活不可能一马平川，\r\n房子却可以始终陪伴，\r\n每个笑啊哭啊的Young时光，\r\n愿你，被整个世界温柔以待！','1','1','CMS新加标签',NULL);
insert into `coms_hottab` (`id`, `name`, `seq`, `cityId`, `onlineTime`, `createBy`, `createTime`, `updateBy`, `updateTime`, `tabType`, `brief`, `description`, `status`, `valid`, `remark`, `picGroupId`) values('40','盛夏 ? 精装好生活 ','2','131','2016-06-23 14:31:10','2002146','2016-06-23 14:31:10','2000887','2016-06-24 11:08:51','2','不知不觉，盛夏里，\r\n这是个告别的时节。\r\n\r\n你或许，匆匆离校，\r\n昨日之日，不再留；\r\n你或许，远远离家，\r\n手里的温暖，还挂念，\r\n你或许，告别了某个人，\r\n再回头，已是春生晓梦。\r\n\r\n不论怎样，来到这个城市，\r\n拥有新房子，新朋友，\r\n希望你，也拥有更加精彩的新生活！','不知不觉，盛夏里，\r\n这是个告别的时节。\r\n\r\n你或许，匆匆离校，\r\n昨日之日，不再留；\r\n你或许，远远离家，\r\n手里的温暖，还挂念，\r\n你或许，告别了某个人，\r\n再回头，已是春生晓梦。\r\n\r\n不论怎样，来到这个城市，\r\n拥有新房子，新朋友，\r\n希望你，也拥有更加精彩的新生活！','1','1','CMS新加标签',NULL);
insert into `coms_hottab` (`id`, `name`, `seq`, `cityId`, `onlineTime`, `createBy`, `createTime`, `updateBy`, `updateTime`, `tabType`, `brief`, `description`, `status`, `valid`, `remark`, `picGroupId`) values('41','做自己  ?  自在空间','3','131','2016-06-23 14:35:08','2002146','2016-06-23 14:35:08','2000887','2016-06-24 14:16:54','2','每一个不曾起舞的日子，\r\n都是对生命的辜负。\r\n生活，都马虎过了，\r\n在这个城市，还有什么可认真？\r\n\r\n多么想要一个像我的房子呀，\r\n它能包容我的所有，\r\n不在乎外在，只看重内心，\r\n那么自在，那么放肆，那么理所应当。\r\n\r\n从明天起，更关心我还有我的生活，\r\n这有一所房子，面朝幸福，春暖花开。','每一个不曾起舞的日子，\r\n都是对生命的辜负。\r\n生活，都马虎过了，\r\n在这个城市，还有什么可认真？\r\n\r\n多么想要一个像我的房子呀，\r\n它能包容我的所有，\r\n不在乎外在，只看重内心，\r\n那么自在，那么放肆，那么理所应当。\r\n\r\n从明天起，更关心我还有我的生活，\r\n这有一所房子，面朝幸福，春暖花开。','1','1','CMS新加标签',NULL);
insert into `coms_hottab` (`id`, `name`, `seq`, `cityId`, `onlineTime`, `createBy`, `createTime`, `updateBy`, `updateTime`, `tabType`, `brief`, `description`, `status`, `valid`, `remark`, `picGroupId`) values('42','温馨整租 梦想不打折','2','340','2016-06-23 14:39:18','2002369','2016-06-23 14:39:18','2002369','2016-06-23 14:44:28','2','带着内疚，带着你们，离开老家的舒适圈，来到这异乡生活。\r\n\r\n当我孤注一掷，你在我左右，陪着我。在我逆水行舟，你在我身旁，鼓励我。笑语盈盈，温情脉脉，何其有幸，执子之手。\r\n\r\n东山再起之前，我能给的只是一套合适的出租房。\r\n\r\n你说你很满足，生活的美好在于刚刚好~\r\n\r\n一套足够起居的房子，即便是租来的那又怎样？一家人还在一起，这独立的空间就是我们力量来源的秘密花园。\r\n','带着内疚，带着你们，离开老家的舒适圈，来到这异乡生活。\r\n\r\n当我孤注一掷，你在我左右，陪着我。在我逆水行舟，你在我身旁，鼓励我。笑语盈盈，温情脉脉，何其有幸，执子之手。\r\n\r\n东山再起之前，我能给的只是一套合适的出租房。\r\n\r\n你说你很满足，生活的美好在于刚刚好~\r\n\r\n一套足够起居的房子，即便是租来的那又怎样？一家人还在一起，这独立的空间就是我们力量来源的秘密花园。\r\n','1','1','CMS新加标签',NULL);
insert into `coms_hottab` (`id`, `name`, `seq`, `cityId`, `onlineTime`, `createBy`, `createTime`, `updateBy`, `updateTime`, `tabType`, `brief`, `description`, `status`, `valid`, `remark`, `picGroupId`) values('43','Logo推荐位','1','131','2016-06-23 14:44:13','2002146','2016-06-23 14:44:13','2000083','2016-06-23 14:53:44','2','生活不止眼前的苟且，还有出租屋里的大床房、高逼格装修……\r\n为生活更美好而诞生！','生活不止眼前的苟且，还有出租屋里的大床房、高逼格装修……\r\n为生活更美好而诞生！','1','1','CMS新加标签',NULL);
insert into `coms_hottab` (`id`, `name`, `seq`, `cityId`, `onlineTime`, `createBy`, `createTime`, `updateBy`, `updateTime`, `tabType`, `brief`, `description`, `status`, `valid`, `remark`, `picGroupId`) values('44','优选品牌','1','131','2016-06-23 14:44:49','2002146','2016-06-23 14:44:49','2000887','2016-06-23 22:18:39','2','生活不止眼前的苟且，还有出租屋里的大床房、高逼格装修……\r\n为生活更美好而诞生！','生活不止眼前的苟且，还有出租屋里的大床房、高逼格装修……\r\n为生活更美好而诞生！','1','1','CMS新加标签',NULL);
insert into `coms_hottab` (`id`, `name`, `seq`, `cityId`, `onlineTime`, `createBy`, `createTime`, `updateBy`, `updateTime`, `tabType`, `brief`, `description`, `status`, `valid`, `remark`, `picGroupId`) values('45','做自己  ?  自在空间','2','289','2016-06-23 15:32:24','2002146','2016-06-23 15:32:24','2000887','2016-06-24 14:16:43','2','每一个不曾起舞的日子，\r\n都是对生命的辜负。\r\n生活，都马虎过了，\r\n在这个城市，还有什么可认真？\r\n\r\n多么想要一个像我的房子呀，\r\n它能包容我的所有，\r\n不在乎外在，只看重内心，\r\n那么自在，那么放肆，那么理所应当。\r\n\r\n从明天起，更关心我还有我的生活，\r\n这有一所房子，面朝幸福，春暖花开。','每一个不曾起舞的日子，\r\n都是对生命的辜负。\r\n生活，都马虎过了，\r\n在这个城市，还有什么可认真？\r\n\r\n多么想要一个像我的房子呀，\r\n它能包容我的所有，\r\n不在乎外在，只看重内心，\r\n那么自在，那么放肆，那么理所应当。\r\n\r\n从明天起，更关心我还有我的生活，\r\n这有一所房子，面朝幸福，春暖花开。','1','1','CMS新加标签',NULL);
insert into `coms_hottab` (`id`, `name`, `seq`, `cityId`, `onlineTime`, `createBy`, `createTime`, `updateBy`, `updateTime`, `tabType`, `brief`, `description`, `status`, `valid`, `remark`, `picGroupId`) values('46','盛夏 ? 精装好生活','1','289','2016-06-23 15:33:27','2002146','2016-06-23 15:33:27','2000887','2016-06-24 11:09:02','2','不知不觉，盛夏里，\r\n这是个告别的时节。\r\n\r\n你或许，匆匆离校，\r\n昨日之日，不再留；\r\n你或许，远远离家，\r\n手里的温暖，还挂念，\r\n你或许，告别了某个人，\r\n再回头，已是春生晓梦。\r\n\r\n不论怎样，来到这个城市，\r\n拥有新房子，新朋友，\r\n希望你，也拥有更加精彩的新生活！\r\n','不知不觉，盛夏里，\r\n这是个告别的时节。\r\n\r\n你或许，匆匆离校，\r\n昨日之日，不再留；\r\n你或许，远远离家，\r\n手里的温暖，还挂念，\r\n你或许，告别了某个人，\r\n再回头，已是春生晓梦。\r\n\r\n不论怎样，来到这个城市，\r\n拥有新房子，新朋友，\r\n希望你，也拥有更加精彩的新生活！','1','1','CMS新加标签',NULL);

/* coms_hottab_menu_rel */
insert into `coms_hottab_menu_rel` (`id`, `hottabId`, `menucode`, `pageview`, `status`) values('5','25','210017','0','0');
insert into `coms_hottab_menu_rel` (`id`, `hottabId`, `menucode`, `pageview`, `status`) values('6','26','210017','0','1');
insert into `coms_hottab_menu_rel` (`id`, `hottabId`, `menucode`, `pageview`, `status`) values('7','27','201017','0','1');
insert into `coms_hottab_menu_rel` (`id`, `hottabId`, `menucode`, `pageview`, `status`) values('8','28','210017','0','1');
insert into `coms_hottab_menu_rel` (`id`, `hottabId`, `menucode`, `pageview`, `status`) values('9','29','201017','0','1');
insert into `coms_hottab_menu_rel` (`id`, `hottabId`, `menucode`, `pageview`, `status`) values('10','30','301017','0','1');
insert into `coms_hottab_menu_rel` (`id`, `hottabId`, `menucode`, `pageview`, `status`) values('11','31','310017','0','1');
insert into `coms_hottab_menu_rel` (`id`, `hottabId`, `menucode`, `pageview`, `status`) values('12','32','310018','0','1');
insert into `coms_hottab_menu_rel` (`id`, `hottabId`, `menucode`, `pageview`, `status`) values('13','33','310017','0','1');
insert into `coms_hottab_menu_rel` (`id`, `hottabId`, `menucode`, `pageview`, `status`) values('14','34','310018','0','1');
insert into `coms_hottab_menu_rel` (`id`, `hottabId`, `menucode`, `pageview`, `status`) values('15','35','301017','0','1');
insert into `coms_hottab_menu_rel` (`id`, `hottabId`, `menucode`, `pageview`, `status`) values('16','36','210017','0','1');
insert into `coms_hottab_menu_rel` (`id`, `hottabId`, `menucode`, `pageview`, `status`) values('17','37','301017','0','0');
insert into `coms_hottab_menu_rel` (`id`, `hottabId`, `menucode`, `pageview`, `status`) values('18','38','201017','0','1');
insert into `coms_hottab_menu_rel` (`id`, `hottabId`, `menucode`, `pageview`, `status`) values('19','39','310018','0','1');
insert into `coms_hottab_menu_rel` (`id`, `hottabId`, `menucode`, `pageview`, `status`) values('20','40','310018','0','1');
insert into `coms_hottab_menu_rel` (`id`, `hottabId`, `menucode`, `pageview`, `status`) values('21','41','310018','0','1');
insert into `coms_hottab_menu_rel` (`id`, `hottabId`, `menucode`, `pageview`, `status`) values('22','42','310018','0','1');
insert into `coms_hottab_menu_rel` (`id`, `hottabId`, `menucode`, `pageview`, `status`) values('23','43','310017','0','1');
insert into `coms_hottab_menu_rel` (`id`, `hottabId`, `menucode`, `pageview`, `status`) values('24','44','301017','0','1');
insert into `coms_hottab_menu_rel` (`id`, `hottabId`, `menucode`, `pageview`, `status`) values('25','45','310018','0','1');
insert into `coms_hottab_menu_rel` (`id`, `hottabId`, `menucode`, `pageview`, `status`) values('26','46','310018','0','1');
